{
    "categories": [
        {
            "id": "angels",
            "title": "Angels",
            "imageUrl": "https://your-domain/assets/images/home/uriel.jpg",
            "order": 1,
            "enabled": true
        },
        {
            "id": "apostles",
            "title": "Apostles",
            "imageUrl": "https://your-domain/assets/images/home/peter_thumb.jpg",
            "order": 2,
            "enabled": true
        },
        {
            "id": "saints",
            "title": "Saints",
            "imageUrl": "https://your-domain/assets/images/home/joseph_thumb.jpg",
            "order": 3,
            "enabled": true
        },
        {
            "id": "child_saints",
            "title": "Child Saints",
            "imageUrl": "https://your-domain/assets/images/home/dominicsavio_thumb.jpg",
            "order": 4,
            "enabled": true
        },
        {
            "id": "prayers",
            "title": "Common Prayers",
            "imageUrl": "https://your-domain/assets/images/home/hands.jpg",
            "order": 5,
            "enabled": true
        }
    ]
}